{"cameraMode":{"drawMode":0,"name":"Shaded","section":"Shading Mode"},"sceneLighting":false,"audioPlay":false,"sceneViewState":{"showFog":true,"showMaterialUpdate":true,"showSkybox":false,"showFlares":true,"showImageEffects":true,"showParticleSystems":true},"in2DMode":false,"pivot":{"x":0.17734384536743165,"y":-0.26407498121261599,"z":0.6813759803771973},"rotation":{"x":0.23443381488323213,"y":0.22361893951892854,"z":-0.05550794675946236,"w":0.9444336891174316},"size":0.8629916310310364,"orthographic":false}