{"cameraMode":{"drawMode":0,"name":"Shaded","section":"Shading Mode"},"sceneLighting":true,"audioPlay":false,"sceneViewState":{"showFog":true,"showMaterialUpdate":true,"showSkybox":true,"showFlares":true,"showImageEffects":true,"showParticleSystems":true},"in2DMode":false,"pivot":{"x":2.2704293727874758,"y":-2.0485877990722658,"z":3.594679355621338},"rotation":{"x":0.38669532537460329,"y":0.5387880802154541,"z":-0.3047869801521301,"w":0.6835819482803345},"size":3.2081363201141359,"orthographic":false}